Modell,Årsmodell,Km,Pris,Drivlinje,Farge,Interiør,FINN-link
Ukjent,2020,,,Ukjent,Ukjent,Ukjent,https://www.finn.no/mobility/item/476349648
Ukjent,2001,,,Ukjent,Ukjent,Ukjent,https://www.finn.no/mobility/item/476808321
Ukjent,2019,,,Ukjent,Ukjent,Ukjent,https://www.finn.no/mobility/item/476750175
Ukjent,2021,,,Ukjent,Ukjent,Ukjent,https://www.finn.no/mobility/item/476693828
Ukjent,2021,,,Ukjent,Ukjent,Ukjent,https://www.finn.no/mobility/item/476693559
Ukjent,2020,,,Ukjent,Ukjent,Ukjent,https://www.finn.no/mobility/item/476658423
Ukjent,2020,,,Ukjent,Ukjent,Ukjent,https://www.finn.no/mobility/item/476647493
Ukjent,2020,,,Ukjent,Ukjent,Ukjent,https://www.finn.no/mobility/item/476349648
Ukjent,2019,,,Ukjent,Ukjent,Ukjent,https://www.finn.no/mobility/item/473680548
Ukjent,2019,,,Ukjent,Ukjent,Ukjent,https://www.finn.no/mobility/item/476471753
Ukjent,2018,,,Ukjent,Ukjent,Ukjent,https://www.finn.no/mobility/item/476399188
Ukjent,2019,,,Ukjent,Ukjent,Ukjent,https://www.finn.no/mobility/item/476387701
Ukjent,2018,,,Ukjent,Ukjent,Ukjent,https://www.finn.no/mobility/item/476111907
Ukjent,2018,,,Ukjent,Ukjent,Ukjent,https://www.finn.no/mobility/item/475382928
Ukjent,2020,,,Ukjent,Ukjent,Ukjent,https://www.finn.no/mobility/item/475121095
Ukjent,2020,259.0,,Ukjent,Ukjent,Ukjent,https://www.finn.no/mobility/item/454079344
Ukjent,2019,,,Ukjent,Ukjent,Ukjent,https://www.finn.no/mobility/item/474818868
Ukjent,2018,,,Ukjent,Ukjent,Ukjent,https://www.finn.no/mobility/item/474791371
Ukjent,2020,,,Ukjent,Ukjent,Ukjent,https://www.finn.no/mobility/item/474765690
Ukjent,2019,,,Ukjent,Ukjent,Ukjent,https://www.finn.no/mobility/item/474740525
Ukjent,2019,,,Ukjent,Ukjent,Ukjent,https://www.finn.no/mobility/item/474654796
Ukjent,2003,,,Ukjent,Ukjent,Ukjent,https://www.finn.no/mobility/item/473396157
Ukjent,1972,,,Ukjent,Ukjent,Ukjent,https://www.finn.no/mobility/item/472896050
Ukjent,2002,,,Ukjent,Ukjent,Ukjent,https://www.finn.no/mobility/item/472164362
Ukjent,2001,,,Ukjent,Ukjent,Ukjent,https://www.finn.no/mobility/item/471966130
Ukjent,2018,,,Ukjent,Ukjent,Ukjent,https://www.finn.no/mobility/item/469248271
Ukjent,2027,,,Ukjent,Ukjent,Ukjent,https://www.finn.no/mobility/item/449529554
